project_id,project_name,project_url,ai_vulnerability,ai_vulnerability_comment,report_scope,ai_native_competitor_1,competitor_1_founded,competitor_1_approach,competitor_1_source,ai_native_competitor_2,competitor_2_founded,competitor_2_approach,competitor_2_source,top_complaint_1,complaint_1_source,top_complaint_2,complaint_2_source
7579,Nirmata (Kyverno),https://nirmata.com/kyverno-oss/,3 (high),,High-vulnerability (3) in source list,SRE.ai,2024,AI-native DevOps agents for CI/testing/release automation via natural language,https://www.ycombinator.com/companies/sre-ai; https://techcrunch.com/2025/08/20/sre-ai-launches-to-automate-complex-enterprise-workflows/,Reflection AI,2024,Autonomous coding agents that reason over full systems and iterate/test/refactor code,https://siliconangle.com/2025/10/09/reflection-ai-lands-2b-8b-valuation-expand-frontier-ai-infrastructure-safety-research/,Perceived over-engineering/wrapper complexity that slows fast AI-assisted iteration,https://reddit.com/r/Terraform/comments/1jciyrz/intro_to_terragrunt_if_you_havent_used_it_before/midxdmc/; https://reddit.com/r/devops/comments/1kh3iwb/whats_one_devops_tool_you_tried_but_just_didnt/mr51w18/,Cloud-first focus and self-host/realtime constraints create friction for modern agentic workflows,https://reddit.com/r/nextjs/comments/1gkgcew/how_has_your_experience_been_using_encorets_is_it/lvlv1h7/; https://reddit.com/r/nextjs/comments/1gkgcew/how_has_your_experience_been_using_encorets_is_it/lvm6ifo/
5572,Victoria Metrics,https://victoriametrics.com/,1 (low),,Not high-vulnerability in source list (kept for full-list completeness),N/A,N/A,N/A,N/A,N/A,N/A,N/A,N/A,N/A,N/A,N/A,N/A
7213,erxes,www.erxes.io,3 (high),формочки,High-vulnerability (3) in source list,All Hands AI (OpenHands),2024,Model-agnostic open-source coding agents automating routine engineering toil,https://www.pillar.vc/venture-capital/investing-in-all-hands-ai/; https://techcrunch.com/2024/09/05/all-hands-ai-raises-5m-to-build-open-source-agents-for-developers/,Reflection AI,2024,Autonomous coding agents that reason over full systems and iterate/test/refactor code,https://siliconangle.com/2025/10/09/reflection-ai-lands-2b-8b-valuation-expand-frontier-ai-infrastructure-safety-research/,Unclear differentiation vs alternatives in an AI-saturated devtools market,https://reddit.com/r/node/comments/xj4p1y/amplication_rapidly_build_productionready_nodejs/ip9xz9e/,Generated stacks can feel opinionated/complex and still need manual finishing steps,https://reddit.com/r/node/comments/xj4p1y/amplication_rapidly_build_productionready_nodejs/ipa87uc/; https://reddit.com/r/node/comments/xj4p1y/amplication_rapidly_build_productionready_nodejs/iqgjpkr/
7230,OpsMill (Infrahub),www.opsmill.com,2 (medium),"они не над K8s, а в доменной технологической составляющей. Если generic система учёта, то несложно. Надо разобраться, что за knowledge graph",Not high-vulnerability in source list (kept for full-list completeness),N/A,N/A,N/A,N/A,N/A,N/A,N/A,N/A,N/A,N/A,N/A,N/A
4266,"LINBIT (Linforge, DRBD)",https://linbit.com/,1 (low),системное ПО,Not high-vulnerability in source list (kept for full-list completeness),N/A,N/A,N/A,N/A,N/A,N/A,N/A,N/A,N/A,N/A,N/A,N/A
5564,Talos Linux (Sidero Labs),https://www.siderolabs.com/,1 (low),системное ПО,Not high-vulnerability in source list (kept for full-list completeness),N/A,N/A,N/A,N/A,N/A,N/A,N/A,N/A,N/A,N/A,N/A,N/A
7242,Turso,www.turso.tech,2 (medium),мини-БД для AI; по сути hosted БД,Not high-vulnerability in source list (kept for full-list completeness),N/A,N/A,N/A,N/A,N/A,N/A,N/A,N/A,N/A,N/A,N/A,N/A
7246,Zitadel,zitadel.com,1 (low),"класс решений - security, IAM; основаны на Google Zanzibar, очень сложная модель; пользовательские данные не доверят AI",Not high-vulnerability in source list (kept for full-list completeness),N/A,N/A,N/A,N/A,N/A,N/A,N/A,N/A,N/A,N/A,N/A,N/A
7536,Terramate,https://terramate.io/,3 (high),IaC; решение несложное,High-vulnerability (3) in source list,SRE.ai,2024,AI-native DevOps agents for CI/testing/release automation via natural language,https://www.ycombinator.com/companies/sre-ai; https://techcrunch.com/2025/08/20/sre-ai-launches-to-automate-complex-enterprise-workflows/,All Hands AI (OpenHands),2024,Model-agnostic open-source coding agents automating routine engineering toil,https://www.pillar.vc/venture-capital/investing-in-all-hands-ai/; https://techcrunch.com/2024/09/05/all-hands-ai-raises-5m-to-build-open-source-agents-for-developers/,Perceived over-engineering/wrapper complexity that slows fast AI-assisted iteration,https://reddit.com/r/Terraform/comments/1jciyrz/intro_to_terragrunt_if_you_havent_used_it_before/midxdmc/; https://reddit.com/r/devops/comments/1kh3iwb/whats_one_devops_tool_you_tried_but_just_didnt/mr51w18/,Cloud-first focus and self-host/realtime constraints create friction for modern agentic workflows,https://reddit.com/r/nextjs/comments/1gkgcew/how_has_your_experience_been_using_encorets_is_it/lvlv1h7/; https://reddit.com/r/nextjs/comments/1gkgcew/how_has_your_experience_been_using_encorets_is_it/lvm6ifo/
6163,Baserow,www.baserow.io,1 (low),system of record,Not high-vulnerability in source list (kept for full-list completeness),N/A,N/A,N/A,N/A,N/A,N/A,N/A,N/A,N/A,N/A,N/A,N/A
6202,Frappe (ERPNext),www.frappe.io,3 (high),such kind of SaaS solutions is vulnerable to AI,High-vulnerability (3) in source list,All Hands AI (OpenHands),2024,Model-agnostic open-source coding agents automating routine engineering toil,https://www.pillar.vc/venture-capital/investing-in-all-hands-ai/; https://techcrunch.com/2024/09/05/all-hands-ai-raises-5m-to-build-open-source-agents-for-developers/,Reflection AI,2024,Autonomous coding agents that reason over full systems and iterate/test/refactor code,https://siliconangle.com/2025/10/09/reflection-ai-lands-2b-8b-valuation-expand-frontier-ai-infrastructure-safety-research/,Unclear differentiation vs alternatives in an AI-saturated devtools market,https://reddit.com/r/node/comments/xj4p1y/amplication_rapidly_build_productionready_nodejs/ip9xz9e/,Generated stacks can feel opinionated/complex and still need manual finishing steps,https://reddit.com/r/node/comments/xj4p1y/amplication_rapidly_build_productionready_nodejs/ipa87uc/; https://reddit.com/r/node/comments/xj4p1y/amplication_rapidly_build_productionready_nodejs/iqgjpkr/
6040,NextCloud,www.nextcloud.com,1 (low),,Not high-vulnerability in source list (kept for full-list completeness),N/A,N/A,N/A,N/A,N/A,N/A,N/A,N/A,N/A,N/A,N/A,N/A
6080,Karate Labs,www.karatelabs.io,2 (medium),,Not high-vulnerability in source list (kept for full-list completeness),N/A,N/A,N/A,N/A,N/A,N/A,N/A,N/A,N/A,N/A,N/A,N/A
4935,Meticulous,https://www.meticulous.ai,1 (low),"AI protected due to edge case coverage, but we already have TestRigor",Not high-vulnerability in source list (kept for full-list completeness),N/A,N/A,N/A,N/A,N/A,N/A,N/A,N/A,N/A,N/A,N/A,N/A
7182,Weld,weld.app,3 (high),"data pipelines are AI generatable, professional tools like Snowflake exist, everything else Is red ocean",High-vulnerability (3) in source list,All Hands AI (OpenHands),2024,Model-agnostic open-source coding agents automating routine engineering toil,https://www.pillar.vc/venture-capital/investing-in-all-hands-ai/; https://techcrunch.com/2024/09/05/all-hands-ai-raises-5m-to-build-open-source-agents-for-developers/,Reflection AI,2024,Autonomous coding agents that reason over full systems and iterate/test/refactor code,https://siliconangle.com/2025/10/09/reflection-ai-lands-2b-8b-valuation-expand-frontier-ai-infrastructure-safety-research/,Unclear differentiation vs alternatives in an AI-saturated devtools market,https://reddit.com/r/node/comments/xj4p1y/amplication_rapidly_build_productionready_nodejs/ip9xz9e/,Generated stacks can feel opinionated/complex and still need manual finishing steps,https://reddit.com/r/node/comments/xj4p1y/amplication_rapidly_build_productionready_nodejs/ipa87uc/; https://reddit.com/r/node/comments/xj4p1y/amplication_rapidly_build_productionready_nodejs/iqgjpkr/
5953,ThingsBoard,thingsboard.io,1 (low),few tools in this domain,Not high-vulnerability in source list (kept for full-list completeness),N/A,N/A,N/A,N/A,N/A,N/A,N/A,N/A,N/A,N/A,N/A,N/A
7542,Civo,https://www.civo.com/,2 (medium),,Not high-vulnerability in source list (kept for full-list completeness),N/A,N/A,N/A,N/A,N/A,N/A,N/A,N/A,N/A,N/A,N/A,N/A
5673,Red5,www.red5.net,2 (medium),,Not high-vulnerability in source list (kept for full-list completeness),N/A,N/A,N/A,N/A,N/A,N/A,N/A,N/A,N/A,N/A,N/A,N/A
6091,Portainer.io,www.portainer.io,2 (medium),yet another k8s management / control plane,Not high-vulnerability in source list (kept for full-list completeness),N/A,N/A,N/A,N/A,N/A,N/A,N/A,N/A,N/A,N/A,N/A,N/A
6067,Shipyard,www.shipyard.build,1 (low),"системное ПО, yet another Heroku",Not high-vulnerability in source list (kept for full-list completeness),N/A,N/A,N/A,N/A,N/A,N/A,N/A,N/A,N/A,N/A,N/A,N/A
4564,Sagetap,sagetap.io,3 (high),consulting,High-vulnerability (3) in source list,All Hands AI (OpenHands),2024,Model-agnostic open-source coding agents automating routine engineering toil,https://www.pillar.vc/venture-capital/investing-in-all-hands-ai/; https://techcrunch.com/2024/09/05/all-hands-ai-raises-5m-to-build-open-source-agents-for-developers/,Reflection AI,2024,Autonomous coding agents that reason over full systems and iterate/test/refactor code,https://siliconangle.com/2025/10/09/reflection-ai-lands-2b-8b-valuation-expand-frontier-ai-infrastructure-safety-research/,Unclear differentiation vs alternatives in an AI-saturated devtools market,https://reddit.com/r/node/comments/xj4p1y/amplication_rapidly_build_productionready_nodejs/ip9xz9e/,Generated stacks can feel opinionated/complex and still need manual finishing steps,https://reddit.com/r/node/comments/xj4p1y/amplication_rapidly_build_productionready_nodejs/ipa87uc/; https://reddit.com/r/node/comments/xj4p1y/amplication_rapidly_build_productionready_nodejs/iqgjpkr/
5615,Patchstack,www.patchstack.com,3 (high),any Git can do that now,High-vulnerability (3) in source list,SRE.ai,2024,AI-native DevOps agents for CI/testing/release automation via natural language,https://www.ycombinator.com/companies/sre-ai; https://techcrunch.com/2025/08/20/sre-ai-launches-to-automate-complex-enterprise-workflows/,Reflection AI,2024,Autonomous coding agents that reason over full systems and iterate/test/refactor code,https://siliconangle.com/2025/10/09/reflection-ai-lands-2b-8b-valuation-expand-frontier-ai-infrastructure-safety-research/,Perceived over-engineering/wrapper complexity that slows fast AI-assisted iteration,https://reddit.com/r/Terraform/comments/1jciyrz/intro_to_terragrunt_if_you_havent_used_it_before/midxdmc/; https://reddit.com/r/devops/comments/1kh3iwb/whats_one_devops_tool_you_tried_but_just_didnt/mr51w18/,Cloud-first focus and self-host/realtime constraints create friction for modern agentic workflows,https://reddit.com/r/nextjs/comments/1gkgcew/how_has_your_experience_been_using_encorets_is_it/lvlv1h7/; https://reddit.com/r/nextjs/comments/1gkgcew/how_has_your_experience_been_using_encorets_is_it/lvm6ifo/
4107,Giant Swarm,giantswarm.io,2 (medium),Cozystack-like,Not high-vulnerability in source list (kept for full-list completeness),N/A,N/A,N/A,N/A,N/A,N/A,N/A,N/A,N/A,N/A,N/A,N/A
5649,Middleware,www.middleware.io,2 (medium),,Not high-vulnerability in source list (kept for full-list completeness),N/A,N/A,N/A,N/A,N/A,N/A,N/A,N/A,N/A,N/A,N/A,N/A
7208,Daytona,www.daytona.io,3 (high),,High-vulnerability (3) in source list,SRE.ai,2024,AI-native DevOps agents for CI/testing/release automation via natural language,https://www.ycombinator.com/companies/sre-ai; https://techcrunch.com/2025/08/20/sre-ai-launches-to-automate-complex-enterprise-workflows/,All Hands AI (OpenHands),2024,Model-agnostic open-source coding agents automating routine engineering toil,https://www.pillar.vc/venture-capital/investing-in-all-hands-ai/; https://techcrunch.com/2024/09/05/all-hands-ai-raises-5m-to-build-open-source-agents-for-developers/,Perceived over-engineering/wrapper complexity that slows fast AI-assisted iteration,https://reddit.com/r/Terraform/comments/1jciyrz/intro_to_terragrunt_if_you_havent_used_it_before/midxdmc/; https://reddit.com/r/devops/comments/1kh3iwb/whats_one_devops_tool_you_tried_but_just_didnt/mr51w18/,Cloud-first focus and self-host/realtime constraints create friction for modern agentic workflows,https://reddit.com/r/nextjs/comments/1gkgcew/how_has_your_experience_been_using_encorets_is_it/lvlv1h7/; https://reddit.com/r/nextjs/comments/1gkgcew/how_has_your_experience_been_using_encorets_is_it/lvm6ifo/
7210,Directus,directus.io,3 (high),content will be managed by AI,High-vulnerability (3) in source list,All Hands AI (OpenHands),2024,Model-agnostic open-source coding agents automating routine engineering toil,https://www.pillar.vc/venture-capital/investing-in-all-hands-ai/; https://techcrunch.com/2024/09/05/all-hands-ai-raises-5m-to-build-open-source-agents-for-developers/,Reflection AI,2024,Autonomous coding agents that reason over full systems and iterate/test/refactor code,https://siliconangle.com/2025/10/09/reflection-ai-lands-2b-8b-valuation-expand-frontier-ai-infrastructure-safety-research/,Unclear differentiation vs alternatives in an AI-saturated devtools market,https://reddit.com/r/node/comments/xj4p1y/amplication_rapidly_build_productionready_nodejs/ip9xz9e/,Generated stacks can feel opinionated/complex and still need manual finishing steps,https://reddit.com/r/node/comments/xj4p1y/amplication_rapidly_build_productionready_nodejs/ipa87uc/; https://reddit.com/r/node/comments/xj4p1y/amplication_rapidly_build_productionready_nodejs/iqgjpkr/
7216,Gatling,www.gatling.io,1 (low),"niche, close to TestRigor",Not high-vulnerability in source list (kept for full-list completeness),N/A,N/A,N/A,N/A,N/A,N/A,N/A,N/A,N/A,N/A,N/A,N/A
7229,OpenReplay,www.openreplay.com,2 (medium),"advanced analytics by snapshots, similar tools exist",Not high-vulnerability in source list (kept for full-list completeness),N/A,N/A,N/A,N/A,N/A,N/A,N/A,N/A,N/A,N/A,N/A,N/A
7179,Reflex (Pynecone),reflex.dev,3 (high),,High-vulnerability (3) in source list,All Hands AI (OpenHands),2024,Model-agnostic open-source coding agents automating routine engineering toil,https://www.pillar.vc/venture-capital/investing-in-all-hands-ai/; https://techcrunch.com/2024/09/05/all-hands-ai-raises-5m-to-build-open-source-agents-for-developers/,Reflection AI,2024,Autonomous coding agents that reason over full systems and iterate/test/refactor code,https://siliconangle.com/2025/10/09/reflection-ai-lands-2b-8b-valuation-expand-frontier-ai-infrastructure-safety-research/,Unclear differentiation vs alternatives in an AI-saturated devtools market,https://reddit.com/r/node/comments/xj4p1y/amplication_rapidly_build_productionready_nodejs/ip9xz9e/,Generated stacks can feel opinionated/complex and still need manual finishing steps,https://reddit.com/r/node/comments/xj4p1y/amplication_rapidly_build_productionready_nodejs/ipa87uc/; https://reddit.com/r/node/comments/xj4p1y/amplication_rapidly_build_productionready_nodejs/iqgjpkr/
4977,Facets.Cloud,https://www.facets.cloud,1 (low),AI-first; but many competitors,Not high-vulnerability in source list (kept for full-list completeness),N/A,N/A,N/A,N/A,N/A,N/A,N/A,N/A,N/A,N/A,N/A,N/A
6035,Countly,www.countly.com,2 (medium),,Not high-vulnerability in source list (kept for full-list completeness),N/A,N/A,N/A,N/A,N/A,N/A,N/A,N/A,N/A,N/A,N/A,N/A
4985,SigNoz,https://signoz.io,1 (low),telemetry; many competitors,Not high-vulnerability in source list (kept for full-list completeness),N/A,N/A,N/A,N/A,N/A,N/A,N/A,N/A,N/A,N/A,N/A,N/A
7145,Mavvrik,www.mavvrik.ai,3 (high),easy calculator of resource consumption,High-vulnerability (3) in source list,All Hands AI (OpenHands),2024,Model-agnostic open-source coding agents automating routine engineering toil,https://www.pillar.vc/venture-capital/investing-in-all-hands-ai/; https://techcrunch.com/2024/09/05/all-hands-ai-raises-5m-to-build-open-source-agents-for-developers/,Reflection AI,2024,Autonomous coding agents that reason over full systems and iterate/test/refactor code,https://siliconangle.com/2025/10/09/reflection-ai-lands-2b-8b-valuation-expand-frontier-ai-infrastructure-safety-research/,Unclear differentiation vs alternatives in an AI-saturated devtools market,https://reddit.com/r/node/comments/xj4p1y/amplication_rapidly_build_productionready_nodejs/ip9xz9e/,Generated stacks can feel opinionated/complex and still need manual finishing steps,https://reddit.com/r/node/comments/xj4p1y/amplication_rapidly_build_productionready_nodejs/ipa87uc/; https://reddit.com/r/node/comments/xj4p1y/amplication_rapidly_build_productionready_nodejs/iqgjpkr/
6788,Elba,www.elba.security,3 (high),SaaS,High-vulnerability (3) in source list,SRE.ai,2024,AI-native DevOps agents for CI/testing/release automation via natural language,https://www.ycombinator.com/companies/sre-ai; https://techcrunch.com/2025/08/20/sre-ai-launches-to-automate-complex-enterprise-workflows/,Reflection AI,2024,Autonomous coding agents that reason over full systems and iterate/test/refactor code,https://siliconangle.com/2025/10/09/reflection-ai-lands-2b-8b-valuation-expand-frontier-ai-infrastructure-safety-research/,Perceived over-engineering/wrapper complexity that slows fast AI-assisted iteration,https://reddit.com/r/Terraform/comments/1jciyrz/intro_to_terragrunt_if_you_havent_used_it_before/midxdmc/; https://reddit.com/r/devops/comments/1kh3iwb/whats_one_devops_tool_you_tried_but_just_didnt/mr51w18/,Cloud-first focus and self-host/realtime constraints create friction for modern agentic workflows,https://reddit.com/r/nextjs/comments/1gkgcew/how_has_your_experience_been_using_encorets_is_it/lvlv1h7/; https://reddit.com/r/nextjs/comments/1gkgcew/how_has_your_experience_been_using_encorets_is_it/lvm6ifo/
6104,ComplianceCow,www.compliancecow.com,3 (high),прикладной tool,High-vulnerability (3) in source list,SRE.ai,2024,AI-native DevOps agents for CI/testing/release automation via natural language,https://www.ycombinator.com/companies/sre-ai; https://techcrunch.com/2025/08/20/sre-ai-launches-to-automate-complex-enterprise-workflows/,Reflection AI,2024,Autonomous coding agents that reason over full systems and iterate/test/refactor code,https://siliconangle.com/2025/10/09/reflection-ai-lands-2b-8b-valuation-expand-frontier-ai-infrastructure-safety-research/,Perceived over-engineering/wrapper complexity that slows fast AI-assisted iteration,https://reddit.com/r/Terraform/comments/1jciyrz/intro_to_terragrunt_if_you_havent_used_it_before/midxdmc/; https://reddit.com/r/devops/comments/1kh3iwb/whats_one_devops_tool_you_tried_but_just_didnt/mr51w18/,Cloud-first focus and self-host/realtime constraints create friction for modern agentic workflows,https://reddit.com/r/nextjs/comments/1gkgcew/how_has_your_experience_been_using_encorets_is_it/lvlv1h7/; https://reddit.com/r/nextjs/comments/1gkgcew/how_has_your_experience_been_using_encorets_is_it/lvm6ifo/
7241,Traefik Labs (Containous),www.traefik.io,1 (low),,Not high-vulnerability in source list (kept for full-list completeness),N/A,N/A,N/A,N/A,N/A,N/A,N/A,N/A,N/A,N/A,N/A,N/A
7460,Qovery,https://www.qovery.com,2 (medium),K8s management,Not high-vulnerability in source list (kept for full-list completeness),N/A,N/A,N/A,N/A,N/A,N/A,N/A,N/A,N/A,N/A,N/A,N/A
7170,Acsense,www.acsense.com,2 (medium),,Not high-vulnerability in source list (kept for full-list completeness),N/A,N/A,N/A,N/A,N/A,N/A,N/A,N/A,N/A,N/A,N/A,N/A
4621,SST (Anomaly),sst.dev,3 (high),IaC,High-vulnerability (3) in source list,SRE.ai,2024,AI-native DevOps agents for CI/testing/release automation via natural language,https://www.ycombinator.com/companies/sre-ai; https://techcrunch.com/2025/08/20/sre-ai-launches-to-automate-complex-enterprise-workflows/,All Hands AI (OpenHands),2024,Model-agnostic open-source coding agents automating routine engineering toil,https://www.pillar.vc/venture-capital/investing-in-all-hands-ai/; https://techcrunch.com/2024/09/05/all-hands-ai-raises-5m-to-build-open-source-agents-for-developers/,Perceived over-engineering/wrapper complexity that slows fast AI-assisted iteration,https://reddit.com/r/Terraform/comments/1jciyrz/intro_to_terragrunt_if_you_havent_used_it_before/midxdmc/; https://reddit.com/r/devops/comments/1kh3iwb/whats_one_devops_tool_you_tried_but_just_didnt/mr51w18/,Cloud-first focus and self-host/realtime constraints create friction for modern agentic workflows,https://reddit.com/r/nextjs/comments/1gkgcew/how_has_your_experience_been_using_encorets_is_it/lvlv1h7/; https://reddit.com/r/nextjs/comments/1gkgcew/how_has_your_experience_been_using_encorets_is_it/lvm6ifo/
5650,Xygeni,www.xygeni.io,1 (low),security in AI is sexy domain,Not high-vulnerability in source list (kept for full-list completeness),N/A,N/A,N/A,N/A,N/A,N/A,N/A,N/A,N/A,N/A,N/A,N/A
7226,Novu,www.novu.co,1 (low),although SDK,Not high-vulnerability in source list (kept for full-list completeness),N/A,N/A,N/A,N/A,N/A,N/A,N/A,N/A,N/A,N/A,N/A,N/A
5597,Crafting,www.crafting.dev,2 (medium),engineering tasks automation,Not high-vulnerability in source list (kept for full-list completeness),N/A,N/A,N/A,N/A,N/A,N/A,N/A,N/A,N/A,N/A,N/A,N/A
5651,Nullplatform,www.nullplatform.com,2 (medium),not clear what is it,Not high-vulnerability in source list (kept for full-list completeness),N/A,N/A,N/A,N/A,N/A,N/A,N/A,N/A,N/A,N/A,N/A,N/A
6108,Trino (PrestoSQL),https://trino.io/,1 (low),BD batch processing; fit for AI agents,Not high-vulnerability in source list (kept for full-list completeness),N/A,N/A,N/A,N/A,N/A,N/A,N/A,N/A,N/A,N/A,N/A,N/A
7247,Semaphore,https://semaphore.io/,1 (low),,Not high-vulnerability in source list (kept for full-list completeness),N/A,N/A,N/A,N/A,N/A,N/A,N/A,N/A,N/A,N/A,N/A,N/A
7211,dltHub,www.dlthub.com,1 (low),,Not high-vulnerability in source list (kept for full-list completeness),N/A,N/A,N/A,N/A,N/A,N/A,N/A,N/A,N/A,N/A,N/A,N/A
7207,Cycloid,www.cycloid.io,2 (medium),developer platform engineering,Not high-vulnerability in source list (kept for full-list completeness),N/A,N/A,N/A,N/A,N/A,N/A,N/A,N/A,N/A,N/A,N/A,N/A
7228,OpenObserve,openobserve.ai,1 (low),observability,Not high-vulnerability in source list (kept for full-list completeness),N/A,N/A,N/A,N/A,N/A,N/A,N/A,N/A,N/A,N/A,N/A,N/A
3756,Akto,www.akto.io,1 (low),,Not high-vulnerability in source list (kept for full-list completeness),N/A,N/A,N/A,N/A,N/A,N/A,N/A,N/A,N/A,N/A,N/A,N/A
5599,Tilores,www.tilores.io,3 (high),deduplication/matching is easily done,High-vulnerability (3) in source list,SRE.ai,2024,AI-native DevOps agents for CI/testing/release automation via natural language,https://www.ycombinator.com/companies/sre-ai; https://techcrunch.com/2025/08/20/sre-ai-launches-to-automate-complex-enterprise-workflows/,Reflection AI,2024,Autonomous coding agents that reason over full systems and iterate/test/refactor code,https://siliconangle.com/2025/10/09/reflection-ai-lands-2b-8b-valuation-expand-frontier-ai-infrastructure-safety-research/,Perceived over-engineering/wrapper complexity that slows fast AI-assisted iteration,https://reddit.com/r/Terraform/comments/1jciyrz/intro_to_terragrunt_if_you_havent_used_it_before/midxdmc/; https://reddit.com/r/devops/comments/1kh3iwb/whats_one_devops_tool_you_tried_but_just_didnt/mr51w18/,Cloud-first focus and self-host/realtime constraints create friction for modern agentic workflows,https://reddit.com/r/nextjs/comments/1gkgcew/how_has_your_experience_been_using_encorets_is_it/lvlv1h7/; https://reddit.com/r/nextjs/comments/1gkgcew/how_has_your_experience_been_using_encorets_is_it/lvm6ifo/
5643,Cavelo,www.cavelo.com,1 (low),"cybersecurity, access management not easily substituted with AI",Not high-vulnerability in source list (kept for full-list completeness),N/A,N/A,N/A,N/A,N/A,N/A,N/A,N/A,N/A,N/A,N/A,N/A
5659,GoodAccess,www.goodaccess.com,1 (low),security,Not high-vulnerability in source list (kept for full-list completeness),N/A,N/A,N/A,N/A,N/A,N/A,N/A,N/A,N/A,N/A,N/A,N/A
7215,Flagsmith,www.flagsmith.com,1 (low),flags are needed,Not high-vulnerability in source list (kept for full-list completeness),N/A,N/A,N/A,N/A,N/A,N/A,N/A,N/A,N/A,N/A,N/A,N/A
7245,WunderGraph,www.wundergraph.com,3 (high),Apollo - is standard GraphQL,High-vulnerability (3) in source list,All Hands AI (OpenHands),2024,Model-agnostic open-source coding agents automating routine engineering toil,https://www.pillar.vc/venture-capital/investing-in-all-hands-ai/; https://techcrunch.com/2024/09/05/all-hands-ai-raises-5m-to-build-open-source-agents-for-developers/,Reflection AI,2024,Autonomous coding agents that reason over full systems and iterate/test/refactor code,https://siliconangle.com/2025/10/09/reflection-ai-lands-2b-8b-valuation-expand-frontier-ai-infrastructure-safety-research/,Unclear differentiation vs alternatives in an AI-saturated devtools market,https://reddit.com/r/node/comments/xj4p1y/amplication_rapidly_build_productionready_nodejs/ip9xz9e/,Generated stacks can feel opinionated/complex and still need manual finishing steps,https://reddit.com/r/node/comments/xj4p1y/amplication_rapidly_build_productionready_nodejs/ipa87uc/; https://reddit.com/r/node/comments/xj4p1y/amplication_rapidly_build_productionready_nodejs/iqgjpkr/
5492,Lleverage,www.lleverage.ai,3 (high),"almost SalesForce, can be done",High-vulnerability (3) in source list,All Hands AI (OpenHands),2024,Model-agnostic open-source coding agents automating routine engineering toil,https://www.pillar.vc/venture-capital/investing-in-all-hands-ai/; https://techcrunch.com/2024/09/05/all-hands-ai-raises-5m-to-build-open-source-agents-for-developers/,Reflection AI,2024,Autonomous coding agents that reason over full systems and iterate/test/refactor code,https://siliconangle.com/2025/10/09/reflection-ai-lands-2b-8b-valuation-expand-frontier-ai-infrastructure-safety-research/,Unclear differentiation vs alternatives in an AI-saturated devtools market,https://reddit.com/r/node/comments/xj4p1y/amplication_rapidly_build_productionready_nodejs/ip9xz9e/,Generated stacks can feel opinionated/complex and still need manual finishing steps,https://reddit.com/r/node/comments/xj4p1y/amplication_rapidly_build_productionready_nodejs/ipa87uc/; https://reddit.com/r/node/comments/xj4p1y/amplication_rapidly_build_productionready_nodejs/iqgjpkr/
5680,PlayerZero,www.playerzero.ai,3 (high),multiagent system,High-vulnerability (3) in source list,Phoebe,2024,"Swarms of AI agents for software reliability, incident diagnosis, and fix suggestions",https://develocity.io/over-1bn-funding-in-ai-agents-qa-infrastructure-and-devops/,All Hands AI (OpenHands),2024,Model-agnostic open-source coding agents automating routine engineering toil,https://www.pillar.vc/venture-capital/investing-in-all-hands-ai/; https://techcrunch.com/2024/09/05/all-hands-ai-raises-5m-to-build-open-source-agents-for-developers/,AI-assisted QA flows still require human validation before production confidence,https://reddit.com/r/node/comments/xj4p1y/amplication_rapidly_build_productionready_nodejs/iqgjpkr/,Adoption can slow when implementation feels too framework-specific or complex,https://reddit.com/r/node/comments/xj4p1y/amplication_rapidly_build_productionready_nodejs/ipa87uc/
6780,CodeAnt AI,www.codeant.ai,2 (medium),CoPilot can do that already and even cross-review between agents,Not high-vulnerability in source list (kept for full-list completeness),N/A,N/A,N/A,N/A,N/A,N/A,N/A,N/A,N/A,N/A,N/A,N/A
7180,Baserock.ai,www.baserock.ai,3 (high),TestRigor is probably better,High-vulnerability (3) in source list,Phoebe,2024,"Swarms of AI agents for software reliability, incident diagnosis, and fix suggestions",https://develocity.io/over-1bn-funding-in-ai-agents-qa-infrastructure-and-devops/,All Hands AI (OpenHands),2024,Model-agnostic open-source coding agents automating routine engineering toil,https://www.pillar.vc/venture-capital/investing-in-all-hands-ai/; https://techcrunch.com/2024/09/05/all-hands-ai-raises-5m-to-build-open-source-agents-for-developers/,AI-assisted QA flows still require human validation before production confidence,https://reddit.com/r/node/comments/xj4p1y/amplication_rapidly_build_productionready_nodejs/iqgjpkr/,Adoption can slow when implementation feels too framework-specific or complex,https://reddit.com/r/node/comments/xj4p1y/amplication_rapidly_build_productionready_nodejs/ipa87uc/
7244,Windmill,www.windmill.dev,3 (high),,High-vulnerability (3) in source list,SRE.ai,2024,AI-native DevOps agents for CI/testing/release automation via natural language,https://www.ycombinator.com/companies/sre-ai; https://techcrunch.com/2025/08/20/sre-ai-launches-to-automate-complex-enterprise-workflows/,Reflection AI,2024,Autonomous coding agents that reason over full systems and iterate/test/refactor code,https://siliconangle.com/2025/10/09/reflection-ai-lands-2b-8b-valuation-expand-frontier-ai-infrastructure-safety-research/,Perceived over-engineering/wrapper complexity that slows fast AI-assisted iteration,https://reddit.com/r/Terraform/comments/1jciyrz/intro_to_terragrunt_if_you_havent_used_it_before/midxdmc/; https://reddit.com/r/devops/comments/1kh3iwb/whats_one_devops_tool_you_tried_but_just_didnt/mr51w18/,Cloud-first focus and self-host/realtime constraints create friction for modern agentic workflows,https://reddit.com/r/nextjs/comments/1gkgcew/how_has_your_experience_been_using_encorets_is_it/lvlv1h7/; https://reddit.com/r/nextjs/comments/1gkgcew/how_has_your_experience_been_using_encorets_is_it/lvm6ifo/
7235,StepSecurity,www.stepsecurity.io,1 (low),security and AI-native,Not high-vulnerability in source list (kept for full-list completeness),N/A,N/A,N/A,N/A,N/A,N/A,N/A,N/A,N/A,N/A,N/A,N/A
5123,simplyblock,https://www.simplyblock.io/,1 (low),"сложное системное ПО, не заменить AI, но перспективность надо сравнивать с другими в своей нише",Not high-vulnerability in source list (kept for full-list completeness),N/A,N/A,N/A,N/A,N/A,N/A,N/A,N/A,N/A,N/A,N/A,N/A
5656,Cloud Storage Security (cloudstoragesec),cloudstoragesecurity.com,2 (medium),узкопрофильное,Not high-vulnerability in source list (kept for full-list completeness),N/A,N/A,N/A,N/A,N/A,N/A,N/A,N/A,N/A,N/A,N/A,N/A
7384,Encore (Leap),https://encore.dev/,3 (high),"промежуточный код, который потом превратится в инфраструктуру -- уже умеют AI agents",High-vulnerability (3) in source list,SRE.ai,2024,AI-native DevOps agents for CI/testing/release automation via natural language,https://www.ycombinator.com/companies/sre-ai; https://techcrunch.com/2025/08/20/sre-ai-launches-to-automate-complex-enterprise-workflows/,All Hands AI (OpenHands),2024,Model-agnostic open-source coding agents automating routine engineering toil,https://www.pillar.vc/venture-capital/investing-in-all-hands-ai/; https://techcrunch.com/2024/09/05/all-hands-ai-raises-5m-to-build-open-source-agents-for-developers/,Perceived over-engineering/wrapper complexity that slows fast AI-assisted iteration,https://reddit.com/r/Terraform/comments/1jciyrz/intro_to_terragrunt_if_you_havent_used_it_before/midxdmc/; https://reddit.com/r/devops/comments/1kh3iwb/whats_one_devops_tool_you_tried_but_just_didnt/mr51w18/,Cloud-first focus and self-host/realtime constraints create friction for modern agentic workflows,https://reddit.com/r/nextjs/comments/1gkgcew/how_has_your_experience_been_using_encorets_is_it/lvlv1h7/; https://reddit.com/r/nextjs/comments/1gkgcew/how_has_your_experience_been_using_encorets_is_it/lvm6ifo/
5600,APIContext,www.apicontext.com,2 (medium),"AI proof, но непонятно, где уникальность по сравнению с большими инструментами",Not high-vulnerability in source list (kept for full-list completeness),N/A,N/A,N/A,N/A,N/A,N/A,N/A,N/A,N/A,N/A,N/A,N/A
6007,Gruntwork,www.gruntwork.io,3 (high),"промежуточный код, который потом превратится в инфраструктуру -- уже умеют AI agents",High-vulnerability (3) in source list,SRE.ai,2024,AI-native DevOps agents for CI/testing/release automation via natural language,https://www.ycombinator.com/companies/sre-ai; https://techcrunch.com/2025/08/20/sre-ai-launches-to-automate-complex-enterprise-workflows/,All Hands AI (OpenHands),2024,Model-agnostic open-source coding agents automating routine engineering toil,https://www.pillar.vc/venture-capital/investing-in-all-hands-ai/; https://techcrunch.com/2024/09/05/all-hands-ai-raises-5m-to-build-open-source-agents-for-developers/,Perceived over-engineering/wrapper complexity that slows fast AI-assisted iteration,https://reddit.com/r/Terraform/comments/1jciyrz/intro_to_terragrunt_if_you_havent_used_it_before/midxdmc/; https://reddit.com/r/devops/comments/1kh3iwb/whats_one_devops_tool_you_tried_but_just_didnt/mr51w18/,Cloud-first focus and self-host/realtime constraints create friction for modern agentic workflows,https://reddit.com/r/nextjs/comments/1gkgcew/how_has_your_experience_been_using_encorets_is_it/lvlv1h7/; https://reddit.com/r/nextjs/comments/1gkgcew/how_has_your_experience_been_using_encorets_is_it/lvm6ifo/
6100,Golioth,www.golioth.io,1 (low),системное ПО,Not high-vulnerability in source list (kept for full-list completeness),N/A,N/A,N/A,N/A,N/A,N/A,N/A,N/A,N/A,N/A,N/A,N/A
7197,Ambar,www.ambar.cloud,3 (high),что-то непонятное,High-vulnerability (3) in source list,SRE.ai,2024,AI-native DevOps agents for CI/testing/release automation via natural language,https://www.ycombinator.com/companies/sre-ai; https://techcrunch.com/2025/08/20/sre-ai-launches-to-automate-complex-enterprise-workflows/,Reflection AI,2024,Autonomous coding agents that reason over full systems and iterate/test/refactor code,https://siliconangle.com/2025/10/09/reflection-ai-lands-2b-8b-valuation-expand-frontier-ai-infrastructure-safety-research/,Perceived over-engineering/wrapper complexity that slows fast AI-assisted iteration,https://reddit.com/r/Terraform/comments/1jciyrz/intro_to_terragrunt_if_you_havent_used_it_before/midxdmc/; https://reddit.com/r/devops/comments/1kh3iwb/whats_one_devops_tool_you_tried_but_just_didnt/mr51w18/,Cloud-first focus and self-host/realtime constraints create friction for modern agentic workflows,https://reddit.com/r/nextjs/comments/1gkgcew/how_has_your_experience_been_using_encorets_is_it/lvlv1h7/; https://reddit.com/r/nextjs/comments/1gkgcew/how_has_your_experience_been_using_encorets_is_it/lvm6ifo/
7219,LangDB,langdb.ai,1 (low),AI-proof,Not high-vulnerability in source list (kept for full-list completeness),N/A,N/A,N/A,N/A,N/A,N/A,N/A,N/A,N/A,N/A,N/A,N/A
7238,Syntasso (Kratix),www.syntasso.io,2 (medium),"Enterprise will use RedHat, not Kratix",Not high-vulnerability in source list (kept for full-list completeness),N/A,N/A,N/A,N/A,N/A,N/A,N/A,N/A,N/A,N/A,N/A,N/A
7240,NativeLink (Trace Machina),https://www.nativelink.com/,1 (low),,Not high-vulnerability in source list (kept for full-list completeness),N/A,N/A,N/A,N/A,N/A,N/A,N/A,N/A,N/A,N/A,N/A,N/A
7243,Webiny,www.webiny.com,3 (high),,High-vulnerability (3) in source list,SRE.ai,2024,AI-native DevOps agents for CI/testing/release automation via natural language,https://www.ycombinator.com/companies/sre-ai; https://techcrunch.com/2025/08/20/sre-ai-launches-to-automate-complex-enterprise-workflows/,All Hands AI (OpenHands),2024,Model-agnostic open-source coding agents automating routine engineering toil,https://www.pillar.vc/venture-capital/investing-in-all-hands-ai/; https://techcrunch.com/2024/09/05/all-hands-ai-raises-5m-to-build-open-source-agents-for-developers/,Perceived over-engineering/wrapper complexity that slows fast AI-assisted iteration,https://reddit.com/r/Terraform/comments/1jciyrz/intro_to_terragrunt_if_you_havent_used_it_before/midxdmc/; https://reddit.com/r/devops/comments/1kh3iwb/whats_one_devops_tool_you_tried_but_just_didnt/mr51w18/,Cloud-first focus and self-host/realtime constraints create friction for modern agentic workflows,https://reddit.com/r/nextjs/comments/1gkgcew/how_has_your_experience_been_using_encorets_is_it/lvlv1h7/; https://reddit.com/r/nextjs/comments/1gkgcew/how_has_your_experience_been_using_encorets_is_it/lvm6ifo/
7503,Roadie,www.roadie.io,1 (low),"many plugins, alternative to open-source Backstage (by Spotify) or proprietary RedHat",Not high-vulnerability in source list (kept for full-list completeness),N/A,N/A,N/A,N/A,N/A,N/A,N/A,N/A,N/A,N/A,N/A,N/A
6836,Factor House,www.factorhouse.io,3 (high),Confluent-like,High-vulnerability (3) in source list,SRE.ai,2024,AI-native DevOps agents for CI/testing/release automation via natural language,https://www.ycombinator.com/companies/sre-ai; https://techcrunch.com/2025/08/20/sre-ai-launches-to-automate-complex-enterprise-workflows/,Reflection AI,2024,Autonomous coding agents that reason over full systems and iterate/test/refactor code,https://siliconangle.com/2025/10/09/reflection-ai-lands-2b-8b-valuation-expand-frontier-ai-infrastructure-safety-research/,Perceived over-engineering/wrapper complexity that slows fast AI-assisted iteration,https://reddit.com/r/Terraform/comments/1jciyrz/intro_to_terragrunt_if_you_havent_used_it_before/midxdmc/; https://reddit.com/r/devops/comments/1kh3iwb/whats_one_devops_tool_you_tried_but_just_didnt/mr51w18/,Cloud-first focus and self-host/realtime constraints create friction for modern agentic workflows,https://reddit.com/r/nextjs/comments/1gkgcew/how_has_your_experience_been_using_encorets_is_it/lvlv1h7/; https://reddit.com/r/nextjs/comments/1gkgcew/how_has_your_experience_been_using_encorets_is_it/lvm6ifo/
7150,Arcjet,www.arcjet.com,3 (high),"easy JS library, utility",High-vulnerability (3) in source list,SRE.ai,2024,AI-native DevOps agents for CI/testing/release automation via natural language,https://www.ycombinator.com/companies/sre-ai; https://techcrunch.com/2025/08/20/sre-ai-launches-to-automate-complex-enterprise-workflows/,Reflection AI,2024,Autonomous coding agents that reason over full systems and iterate/test/refactor code,https://siliconangle.com/2025/10/09/reflection-ai-lands-2b-8b-valuation-expand-frontier-ai-infrastructure-safety-research/,Perceived over-engineering/wrapper complexity that slows fast AI-assisted iteration,https://reddit.com/r/Terraform/comments/1jciyrz/intro_to_terragrunt_if_you_havent_used_it_before/midxdmc/; https://reddit.com/r/devops/comments/1kh3iwb/whats_one_devops_tool_you_tried_but_just_didnt/mr51w18/,Cloud-first focus and self-host/realtime constraints create friction for modern agentic workflows,https://reddit.com/r/nextjs/comments/1gkgcew/how_has_your_experience_been_using_encorets_is_it/lvlv1h7/; https://reddit.com/r/nextjs/comments/1gkgcew/how_has_your_experience_been_using_encorets_is_it/lvm6ifo/
7198,Amplication,www.amplication.com,3 (high),"managing old-style dev processes, multiagent development is different",High-vulnerability (3) in source list,All Hands AI (OpenHands),2024,Model-agnostic open-source coding agents automating routine engineering toil,https://www.pillar.vc/venture-capital/investing-in-all-hands-ai/; https://techcrunch.com/2024/09/05/all-hands-ai-raises-5m-to-build-open-source-agents-for-developers/,Reflection AI,2024,Autonomous coding agents that reason over full systems and iterate/test/refactor code,https://siliconangle.com/2025/10/09/reflection-ai-lands-2b-8b-valuation-expand-frontier-ai-infrastructure-safety-research/,Unclear differentiation vs alternatives in an AI-saturated devtools market,https://reddit.com/r/node/comments/xj4p1y/amplication_rapidly_build_productionready_nodejs/ip9xz9e/,Generated stacks can feel opinionated/complex and still need manual finishing steps,https://reddit.com/r/node/comments/xj4p1y/amplication_rapidly_build_productionready_nodejs/ipa87uc/; https://reddit.com/r/node/comments/xj4p1y/amplication_rapidly_build_productionready_nodejs/iqgjpkr/
7217,Hiop,www.hiop.io,3 (high),"business logic can be easily formulated, hence solved with AI",High-vulnerability (3) in source list,All Hands AI (OpenHands),2024,Model-agnostic open-source coding agents automating routine engineering toil,https://www.pillar.vc/venture-capital/investing-in-all-hands-ai/; https://techcrunch.com/2024/09/05/all-hands-ai-raises-5m-to-build-open-source-agents-for-developers/,Reflection AI,2024,Autonomous coding agents that reason over full systems and iterate/test/refactor code,https://siliconangle.com/2025/10/09/reflection-ai-lands-2b-8b-valuation-expand-frontier-ai-infrastructure-safety-research/,Unclear differentiation vs alternatives in an AI-saturated devtools market,https://reddit.com/r/node/comments/xj4p1y/amplication_rapidly_build_productionready_nodejs/ip9xz9e/,Generated stacks can feel opinionated/complex and still need manual finishing steps,https://reddit.com/r/node/comments/xj4p1y/amplication_rapidly_build_productionready_nodejs/ipa87uc/; https://reddit.com/r/node/comments/xj4p1y/amplication_rapidly_build_productionready_nodejs/iqgjpkr/
7236,Superstream,superstream.ai,2 (medium),"Kafka (системное ПО) optimization tool, niche",Not high-vulnerability in source list (kept for full-list completeness),N/A,N/A,N/A,N/A,N/A,N/A,N/A,N/A,N/A,N/A,N/A,N/A
3781,Apidog (Anakin AI),apidog.com,3 (high),"red ocean of Postman alternatives, API is easily generated by AI",High-vulnerability (3) in source list,All Hands AI (OpenHands),2024,Model-agnostic open-source coding agents automating routine engineering toil,https://www.pillar.vc/venture-capital/investing-in-all-hands-ai/; https://techcrunch.com/2024/09/05/all-hands-ai-raises-5m-to-build-open-source-agents-for-developers/,Reflection AI,2024,Autonomous coding agents that reason over full systems and iterate/test/refactor code,https://siliconangle.com/2025/10/09/reflection-ai-lands-2b-8b-valuation-expand-frontier-ai-infrastructure-safety-research/,Unclear differentiation vs alternatives in an AI-saturated devtools market,https://reddit.com/r/node/comments/xj4p1y/amplication_rapidly_build_productionready_nodejs/ip9xz9e/,Generated stacks can feel opinionated/complex and still need manual finishing steps,https://reddit.com/r/node/comments/xj4p1y/amplication_rapidly_build_productionready_nodejs/ipa87uc/; https://reddit.com/r/node/comments/xj4p1y/amplication_rapidly_build_productionready_nodejs/iqgjpkr/
4066,FalkorDB,FalkorDB.com,1 (low),cool tech,Not high-vulnerability in source list (kept for full-list completeness),N/A,N/A,N/A,N/A,N/A,N/A,N/A,N/A,N/A,N/A,N/A,N/A
5528,Polar Signals,www.polarsignals.com,1 (low),на системном уровне подключают мониторинг инфраструктуры,Not high-vulnerability in source list (kept for full-list completeness),N/A,N/A,N/A,N/A,N/A,N/A,N/A,N/A,N/A,N/A,N/A,N/A
5612,Antimetal,www.antimetal.com,3 (high),,High-vulnerability (3) in source list,SRE.ai,2024,AI-native DevOps agents for CI/testing/release automation via natural language,https://www.ycombinator.com/companies/sre-ai; https://techcrunch.com/2025/08/20/sre-ai-launches-to-automate-complex-enterprise-workflows/,All Hands AI (OpenHands),2024,Model-agnostic open-source coding agents automating routine engineering toil,https://www.pillar.vc/venture-capital/investing-in-all-hands-ai/; https://techcrunch.com/2024/09/05/all-hands-ai-raises-5m-to-build-open-source-agents-for-developers/,Perceived over-engineering/wrapper complexity that slows fast AI-assisted iteration,https://reddit.com/r/Terraform/comments/1jciyrz/intro_to_terragrunt_if_you_havent_used_it_before/midxdmc/; https://reddit.com/r/devops/comments/1kh3iwb/whats_one_devops_tool_you_tried_but_just_didnt/mr51w18/,Cloud-first focus and self-host/realtime constraints create friction for modern agentic workflows,https://reddit.com/r/nextjs/comments/1gkgcew/how_has_your_experience_been_using_encorets_is_it/lvlv1h7/; https://reddit.com/r/nextjs/comments/1gkgcew/how_has_your_experience_been_using_encorets_is_it/lvm6ifo/
6842,Guepard,www.guepard.run,1 (low),"AI-ready, but seems to be a small product",Not high-vulnerability in source list (kept for full-list completeness),N/A,N/A,N/A,N/A,N/A,N/A,N/A,N/A,N/A,N/A,N/A,N/A
7205,ControlMonkey,www.controlmonkey.io,3 (high),"IaC, maybe some value added",High-vulnerability (3) in source list,SRE.ai,2024,AI-native DevOps agents for CI/testing/release automation via natural language,https://www.ycombinator.com/companies/sre-ai; https://techcrunch.com/2025/08/20/sre-ai-launches-to-automate-complex-enterprise-workflows/,All Hands AI (OpenHands),2024,Model-agnostic open-source coding agents automating routine engineering toil,https://www.pillar.vc/venture-capital/investing-in-all-hands-ai/; https://techcrunch.com/2024/09/05/all-hands-ai-raises-5m-to-build-open-source-agents-for-developers/,Perceived over-engineering/wrapper complexity that slows fast AI-assisted iteration,https://reddit.com/r/Terraform/comments/1jciyrz/intro_to_terragrunt_if_you_havent_used_it_before/midxdmc/; https://reddit.com/r/devops/comments/1kh3iwb/whats_one_devops_tool_you_tried_but_just_didnt/mr51w18/,Cloud-first focus and self-host/realtime constraints create friction for modern agentic workflows,https://reddit.com/r/nextjs/comments/1gkgcew/how_has_your_experience_been_using_encorets_is_it/lvlv1h7/; https://reddit.com/r/nextjs/comments/1gkgcew/how_has_your_experience_been_using_encorets_is_it/lvm6ifo/
5630,Radium,www.radium.cloud,3 (high),"LLMOps platform, using OpenAI inside",High-vulnerability (3) in source list,SRE.ai,2024,AI-native DevOps agents for CI/testing/release automation via natural language,https://www.ycombinator.com/companies/sre-ai; https://techcrunch.com/2025/08/20/sre-ai-launches-to-automate-complex-enterprise-workflows/,All Hands AI (OpenHands),2024,Model-agnostic open-source coding agents automating routine engineering toil,https://www.pillar.vc/venture-capital/investing-in-all-hands-ai/; https://techcrunch.com/2024/09/05/all-hands-ai-raises-5m-to-build-open-source-agents-for-developers/,Perceived over-engineering/wrapper complexity that slows fast AI-assisted iteration,https://reddit.com/r/Terraform/comments/1jciyrz/intro_to_terragrunt_if_you_havent_used_it_before/midxdmc/; https://reddit.com/r/devops/comments/1kh3iwb/whats_one_devops_tool_you_tried_but_just_didnt/mr51w18/,Cloud-first focus and self-host/realtime constraints create friction for modern agentic workflows,https://reddit.com/r/nextjs/comments/1gkgcew/how_has_your_experience_been_using_encorets_is_it/lvlv1h7/; https://reddit.com/r/nextjs/comments/1gkgcew/how_has_your_experience_been_using_encorets_is_it/lvm6ifo/
5689,Lumeus,www.lumeus.ai,1 (low),"plugin, but AI-native",Not high-vulnerability in source list (kept for full-list completeness),N/A,N/A,N/A,N/A,N/A,N/A,N/A,N/A,N/A,N/A,N/A,N/A
7146,Plural,www.plural.sh,3 (high),"K8s management, K8s recently launched MCP-server",High-vulnerability (3) in source list,SRE.ai,2024,AI-native DevOps agents for CI/testing/release automation via natural language,https://www.ycombinator.com/companies/sre-ai; https://techcrunch.com/2025/08/20/sre-ai-launches-to-automate-complex-enterprise-workflows/,All Hands AI (OpenHands),2024,Model-agnostic open-source coding agents automating routine engineering toil,https://www.pillar.vc/venture-capital/investing-in-all-hands-ai/; https://techcrunch.com/2024/09/05/all-hands-ai-raises-5m-to-build-open-source-agents-for-developers/,Perceived over-engineering/wrapper complexity that slows fast AI-assisted iteration,https://reddit.com/r/Terraform/comments/1jciyrz/intro_to_terragrunt_if_you_havent_used_it_before/midxdmc/; https://reddit.com/r/devops/comments/1kh3iwb/whats_one_devops_tool_you_tried_but_just_didnt/mr51w18/,Cloud-first focus and self-host/realtime constraints create friction for modern agentic workflows,https://reddit.com/r/nextjs/comments/1gkgcew/how_has_your_experience_been_using_encorets_is_it/lvlv1h7/; https://reddit.com/r/nextjs/comments/1gkgcew/how_has_your_experience_been_using_encorets_is_it/lvm6ifo/
7174,Early AI,www.startearly.ai,3 (high),similar to multiagents cross-review,High-vulnerability (3) in source list,Phoebe,2024,"Swarms of AI agents for software reliability, incident diagnosis, and fix suggestions",https://develocity.io/over-1bn-funding-in-ai-agents-qa-infrastructure-and-devops/,All Hands AI (OpenHands),2024,Model-agnostic open-source coding agents automating routine engineering toil,https://www.pillar.vc/venture-capital/investing-in-all-hands-ai/; https://techcrunch.com/2024/09/05/all-hands-ai-raises-5m-to-build-open-source-agents-for-developers/,AI-assisted QA flows still require human validation before production confidence,https://reddit.com/r/node/comments/xj4p1y/amplication_rapidly_build_productionready_nodejs/iqgjpkr/,Adoption can slow when implementation feels too framework-specific or complex,https://reddit.com/r/node/comments/xj4p1y/amplication_rapidly_build_productionready_nodejs/ipa87uc/
7395,digger.dev,https://digger.dev/,3 (high),IaC,High-vulnerability (3) in source list,SRE.ai,2024,AI-native DevOps agents for CI/testing/release automation via natural language,https://www.ycombinator.com/companies/sre-ai; https://techcrunch.com/2025/08/20/sre-ai-launches-to-automate-complex-enterprise-workflows/,All Hands AI (OpenHands),2024,Model-agnostic open-source coding agents automating routine engineering toil,https://www.pillar.vc/venture-capital/investing-in-all-hands-ai/; https://techcrunch.com/2024/09/05/all-hands-ai-raises-5m-to-build-open-source-agents-for-developers/,Perceived over-engineering/wrapper complexity that slows fast AI-assisted iteration,https://reddit.com/r/Terraform/comments/1jciyrz/intro_to_terragrunt_if_you_havent_used_it_before/midxdmc/; https://reddit.com/r/devops/comments/1kh3iwb/whats_one_devops_tool_you_tried_but_just_didnt/mr51w18/,Cloud-first focus and self-host/realtime constraints create friction for modern agentic workflows,https://reddit.com/r/nextjs/comments/1gkgcew/how_has_your_experience_been_using_encorets_is_it/lvlv1h7/; https://reddit.com/r/nextjs/comments/1gkgcew/how_has_your_experience_been_using_encorets_is_it/lvm6ifo/
6169,Comp AI,www.trycomp.ai,1 (low),"compliance, security",Not high-vulnerability in source list (kept for full-list completeness),N/A,N/A,N/A,N/A,N/A,N/A,N/A,N/A,N/A,N/A,N/A,N/A
7183,Conexus,www.conexus.com,3 (high),,High-vulnerability (3) in source list,All Hands AI (OpenHands),2024,Model-agnostic open-source coding agents automating routine engineering toil,https://www.pillar.vc/venture-capital/investing-in-all-hands-ai/; https://techcrunch.com/2024/09/05/all-hands-ai-raises-5m-to-build-open-source-agents-for-developers/,Reflection AI,2024,Autonomous coding agents that reason over full systems and iterate/test/refactor code,https://siliconangle.com/2025/10/09/reflection-ai-lands-2b-8b-valuation-expand-frontier-ai-infrastructure-safety-research/,Unclear differentiation vs alternatives in an AI-saturated devtools market,https://reddit.com/r/node/comments/xj4p1y/amplication_rapidly_build_productionready_nodejs/ip9xz9e/,Generated stacks can feel opinionated/complex and still need manual finishing steps,https://reddit.com/r/node/comments/xj4p1y/amplication_rapidly_build_productionready_nodejs/ipa87uc/; https://reddit.com/r/node/comments/xj4p1y/amplication_rapidly_build_productionready_nodejs/iqgjpkr/
7499,ConfigCat,configcat.com,1 (low),,Not high-vulnerability in source list (kept for full-list completeness),N/A,N/A,N/A,N/A,N/A,N/A,N/A,N/A,N/A,N/A,N/A,N/A
7596,Lunar.dev,www.lunar.dev,3 (high),just assembly of n8n connectors,High-vulnerability (3) in source list,All Hands AI (OpenHands),2024,Model-agnostic open-source coding agents automating routine engineering toil,https://www.pillar.vc/venture-capital/investing-in-all-hands-ai/; https://techcrunch.com/2024/09/05/all-hands-ai-raises-5m-to-build-open-source-agents-for-developers/,Reflection AI,2024,Autonomous coding agents that reason over full systems and iterate/test/refactor code,https://siliconangle.com/2025/10/09/reflection-ai-lands-2b-8b-valuation-expand-frontier-ai-infrastructure-safety-research/,Unclear differentiation vs alternatives in an AI-saturated devtools market,https://reddit.com/r/node/comments/xj4p1y/amplication_rapidly_build_productionready_nodejs/ip9xz9e/,Generated stacks can feel opinionated/complex and still need manual finishing steps,https://reddit.com/r/node/comments/xj4p1y/amplication_rapidly_build_productionready_nodejs/ipa87uc/; https://reddit.com/r/node/comments/xj4p1y/amplication_rapidly_build_productionready_nodejs/iqgjpkr/
7604,Zuplo,https://zuplo.com/,1 (low),API gateway,Not high-vulnerability in source list (kept for full-list completeness),N/A,N/A,N/A,N/A,N/A,N/A,N/A,N/A,N/A,N/A,N/A,N/A
4439,Overmind,overmind.tech,,,Not high-vulnerability in source list (kept for full-list completeness),N/A,N/A,N/A,N/A,N/A,N/A,N/A,N/A,N/A,N/A,N/A,N/A
4520,quiltt,https://www.quiltt.io/,,,Not high-vulnerability in source list (kept for full-list completeness),N/A,N/A,N/A,N/A,N/A,N/A,N/A,N/A,N/A,N/A,N/A,N/A
4642,SuperTokens,https://supertokens.com,,,Not high-vulnerability in source list (kept for full-list completeness),N/A,N/A,N/A,N/A,N/A,N/A,N/A,N/A,N/A,N/A,N/A,N/A
5679,Thoras AI,thoras.ai,,,Not high-vulnerability in source list (kept for full-list completeness),N/A,N/A,N/A,N/A,N/A,N/A,N/A,N/A,N/A,N/A,N/A,N/A
5687,OpsCanvas,www.opscanvas.com,,,Not high-vulnerability in source list (kept for full-list completeness),N/A,N/A,N/A,N/A,N/A,N/A,N/A,N/A,N/A,N/A,N/A,N/A
7165,Serverpod,www.serverpod.dev,,,Not high-vulnerability in source list (kept for full-list completeness),N/A,N/A,N/A,N/A,N/A,N/A,N/A,N/A,N/A,N/A,N/A,N/A
7231,Pull Systems,www.pull.systems,,,Not high-vulnerability in source list (kept for full-list completeness),N/A,N/A,N/A,N/A,N/A,N/A,N/A,N/A,N/A,N/A,N/A,N/A
7232,Qencode,www.cloud.qencode.com,,,Not high-vulnerability in source list (kept for full-list completeness),N/A,N/A,N/A,N/A,N/A,N/A,N/A,N/A,N/A,N/A,N/A,N/A
3803,Aspect Build (Bazel),https://aspect.build/,,,Not high-vulnerability in source list (kept for full-list completeness),N/A,N/A,N/A,N/A,N/A,N/A,N/A,N/A,N/A,N/A,N/A,N/A
4213,Juice Labs,juicelabs.co,,,Not high-vulnerability in source list (kept for full-list completeness),N/A,N/A,N/A,N/A,N/A,N/A,N/A,N/A,N/A,N/A,N/A,N/A
5602,Cloudoor,www.cloudoor.com,,,Not high-vulnerability in source list (kept for full-list completeness),N/A,N/A,N/A,N/A,N/A,N/A,N/A,N/A,N/A,N/A,N/A,N/A
5618,Callback Technologies,www.callback.com,,,Not high-vulnerability in source list (kept for full-list completeness),N/A,N/A,N/A,N/A,N/A,N/A,N/A,N/A,N/A,N/A,N/A,N/A
5642,Packmind (ProMyze),www.packmind.com,,,Not high-vulnerability in source list (kept for full-list completeness),N/A,N/A,N/A,N/A,N/A,N/A,N/A,N/A,N/A,N/A,N/A,N/A
5681,TestSprite,www.testsprite.com,,,Not high-vulnerability in source list (kept for full-list completeness),N/A,N/A,N/A,N/A,N/A,N/A,N/A,N/A,N/A,N/A,N/A,N/A
6022,Typesense,typesense.org,,,Not high-vulnerability in source list (kept for full-list completeness),N/A,N/A,N/A,N/A,N/A,N/A,N/A,N/A,N/A,N/A,N/A,N/A
6094,Marker.io,www.marker.io,,,Not high-vulnerability in source list (kept for full-list completeness),N/A,N/A,N/A,N/A,N/A,N/A,N/A,N/A,N/A,N/A,N/A,N/A
7214,Expanso,www.expanso.io,,,Not high-vulnerability in source list (kept for full-list completeness),N/A,N/A,N/A,N/A,N/A,N/A,N/A,N/A,N/A,N/A,N/A,N/A
4543,Requestly,https://requestly.com/,,,Not high-vulnerability in source list (kept for full-list completeness),N/A,N/A,N/A,N/A,N/A,N/A,N/A,N/A,N/A,N/A,N/A,N/A
5980,Wasp,https://wasp.sh/,,,Not high-vulnerability in source list (kept for full-list completeness),N/A,N/A,N/A,N/A,N/A,N/A,N/A,N/A,N/A,N/A,N/A,N/A
6089,Codiac,codiac.io,,,Not high-vulnerability in source list (kept for full-list completeness),N/A,N/A,N/A,N/A,N/A,N/A,N/A,N/A,N/A,N/A,N/A,N/A
7202,Cerbos,www.cerbos.dev,,,Not high-vulnerability in source list (kept for full-list completeness),N/A,N/A,N/A,N/A,N/A,N/A,N/A,N/A,N/A,N/A,N/A,N/A
7640,Bruin,https://getbruin.com/,,,Not high-vulnerability in source list (kept for full-list completeness),N/A,N/A,N/A,N/A,N/A,N/A,N/A,N/A,N/A,N/A,N/A,N/A
5515,GlassFlow,www.glassflow.dev,,,Not high-vulnerability in source list (kept for full-list completeness),N/A,N/A,N/A,N/A,N/A,N/A,N/A,N/A,N/A,N/A,N/A,N/A
6070,Kill Bill,www.killbill.io,,,Not high-vulnerability in source list (kept for full-list completeness),N/A,N/A,N/A,N/A,N/A,N/A,N/A,N/A,N/A,N/A,N/A,N/A
6841,Opsima,www.opsima.ai,,,Not high-vulnerability in source list (kept for full-list completeness),N/A,N/A,N/A,N/A,N/A,N/A,N/A,N/A,N/A,N/A,N/A,N/A
4061,Excalidraw,excalidraw.com,,,Not high-vulnerability in source list (kept for full-list completeness),N/A,N/A,N/A,N/A,N/A,N/A,N/A,N/A,N/A,N/A,N/A,N/A
4470,plakar,plakar.io,,,Not high-vulnerability in source list (kept for full-list completeness),N/A,N/A,N/A,N/A,N/A,N/A,N/A,N/A,N/A,N/A,N/A,N/A
5655,Metify,www.metify.io,,,Not high-vulnerability in source list (kept for full-list completeness),N/A,N/A,N/A,N/A,N/A,N/A,N/A,N/A,N/A,N/A,N/A,N/A
6068,Trapezoid,www.trapezoid.com,,,Not high-vulnerability in source list (kept for full-list completeness),N/A,N/A,N/A,N/A,N/A,N/A,N/A,N/A,N/A,N/A,N/A,N/A
6088,Authentik Security,goauthentik.io,,,Not high-vulnerability in source list (kept for full-list completeness),N/A,N/A,N/A,N/A,N/A,N/A,N/A,N/A,N/A,N/A,N/A,N/A
6815,Pipekit,www.pipekit.io,,,Not high-vulnerability in source list (kept for full-list completeness),N/A,N/A,N/A,N/A,N/A,N/A,N/A,N/A,N/A,N/A,N/A,N/A
7223,Marimo,www.marimo.io,,,Not high-vulnerability in source list (kept for full-list completeness),N/A,N/A,N/A,N/A,N/A,N/A,N/A,N/A,N/A,N/A,N/A,N/A
7353,StackBooster,https://stackbooster.io/,,,Not high-vulnerability in source list (kept for full-list completeness),N/A,N/A,N/A,N/A,N/A,N/A,N/A,N/A,N/A,N/A,N/A,N/A
7374,Hoppscotch,https://hoppscotch.com,,,Not high-vulnerability in source list (kept for full-list completeness),N/A,N/A,N/A,N/A,N/A,N/A,N/A,N/A,N/A,N/A,N/A,N/A
7394,Unkey,https://www.unkey.com/,,,Not high-vulnerability in source list (kept for full-list completeness),N/A,N/A,N/A,N/A,N/A,N/A,N/A,N/A,N/A,N/A,N/A,N/A
7625,NetBird,https://netbird.io/,,,Not high-vulnerability in source list (kept for full-list completeness),N/A,N/A,N/A,N/A,N/A,N/A,N/A,N/A,N/A,N/A,N/A,N/A
3896,Cloud 66,cloud66.com,,,Not high-vulnerability in source list (kept for full-list completeness),N/A,N/A,N/A,N/A,N/A,N/A,N/A,N/A,N/A,N/A,N/A,N/A
4288,MaestroDev,https://maestro.dev/,,,Not high-vulnerability in source list (kept for full-list completeness),N/A,N/A,N/A,N/A,N/A,N/A,N/A,N/A,N/A,N/A,N/A,N/A
4669,TeleportHQ,https://teleporthq.io/,,,Not high-vulnerability in source list (kept for full-list completeness),N/A,N/A,N/A,N/A,N/A,N/A,N/A,N/A,N/A,N/A,N/A,N/A
5664,Citeel,www.citeel.com,,,Not high-vulnerability in source list (kept for full-list completeness),N/A,N/A,N/A,N/A,N/A,N/A,N/A,N/A,N/A,N/A,N/A,N/A
7204,Continue,www.continue.dev,,,Not high-vulnerability in source list (kept for full-list completeness),N/A,N/A,N/A,N/A,N/A,N/A,N/A,N/A,N/A,N/A,N/A,N/A
7626,Casdoor (Casbin),https://casdoor.org/,,,Not high-vulnerability in source list (kept for full-list completeness),N/A,N/A,N/A,N/A,N/A,N/A,N/A,N/A,N/A,N/A,N/A,N/A
6085,Taubyte,taubyte.com,,,Not high-vulnerability in source list (kept for full-list completeness),N/A,N/A,N/A,N/A,N/A,N/A,N/A,N/A,N/A,N/A,N/A,N/A
4118,GO Feature Flag // Kuber //,https://gofeatureflag.org/,,,Not high-vulnerability in source list (kept for full-list completeness),N/A,N/A,N/A,N/A,N/A,N/A,N/A,N/A,N/A,N/A,N/A,N/A
4248,KushoAI,https://kusho.ai/,,,Not high-vulnerability in source list (kept for full-list completeness),N/A,N/A,N/A,N/A,N/A,N/A,N/A,N/A,N/A,N/A,N/A,N/A
4649,Sylabs (pivot to QLAD),https://sylabs.io/,,,Not high-vulnerability in source list (kept for full-list completeness),N/A,N/A,N/A,N/A,N/A,N/A,N/A,N/A,N/A,N/A,N/A,N/A
5962,Kedify (KEDA),https://kedify.io/,,,Not high-vulnerability in source list (kept for full-list completeness),N/A,N/A,N/A,N/A,N/A,N/A,N/A,N/A,N/A,N/A,N/A,N/A
5995,AxisNow,https://www.axisnow.io/,,,Not high-vulnerability in source list (kept for full-list completeness),N/A,N/A,N/A,N/A,N/A,N/A,N/A,N/A,N/A,N/A,N/A,N/A
7135,LatenceTech,www.latencetech.com,,,Not high-vulnerability in source list (kept for full-list completeness),N/A,N/A,N/A,N/A,N/A,N/A,N/A,N/A,N/A,N/A,N/A,N/A
7249,Kortix,https://www.kortix.com,,,Not high-vulnerability in source list (kept for full-list completeness),N/A,N/A,N/A,N/A,N/A,N/A,N/A,N/A,N/A,N/A,N/A,N/A
6028,Zyntra,zyntra.app,,,Not high-vulnerability in source list (kept for full-list completeness),N/A,N/A,N/A,N/A,N/A,N/A,N/A,N/A,N/A,N/A,N/A,N/A
