Project,GitHub Repo,Stars,Forks,Latest main-branch commit (UTC),Contributor diversity
Nirmata (Kyverno),kyverno/kyverno,7409,1236,2026-02-19T08:57:32Z,Significant external contributors
Victoria Metrics,VictoriaMetrics/VictoriaMetrics,16339,1572,2026-02-18T20:45:28Z,Mostly parent-company/core team
erxes,erxes/erxes,3900,1229,2026-02-16T14:57:36Z,Significant external contributors
OpsMill (Infrahub),opsmill/infrahub,423,43,2026-02-18T19:18:08Z,Significant external contributors
"LINBIT (Linforge, DRBD)",LINBIT/linstor-server,1196,91,2026-02-13T10:39:01Z,Mixed (core + external)
Talos Linux (Sidero Labs),siderolabs/talos,9898,783,2026-02-18T14:47:23Z,Mixed (core + external)
Turso,tursodatabase/libsql,16381,464,2025-12-26T07:01:19Z,Significant external contributors; multi-company signals
Zitadel,zitadel/zitadel,13006,943,2026-02-19T09:28:48Z,Significant external contributors
Terramate,terramate-io/terramate,3527,113,2026-02-17T14:05:41Z,Mostly parent-company/core team; multi-company signals
Baserow,bram2w/baserow,4177,516,2026-02-18T23:32:53Z,Mixed (core + external); multi-company signals
Frappe (ERPNext),frappe/erpnext,31819,10476,2026-02-19T08:31:39Z,Significant external contributors; multi-company signals
NextCloud,nextcloud/server,34125,4725,2026-02-19T08:17:45Z,Significant external contributors; multi-company signals
Karate Labs,karatelabs/karate,8787,2013,2025-12-05T11:12:19Z,Mostly parent-company/core team; multi-company signals
Meticulous,meticulous/state-decoded-ui-2012,6,0,2013-09-09T22:08:21Z,Mostly parent-company/core team
Weld,weld/weld-testing,112,33,2026-02-01T04:22:29Z,"Mixed (core + external); notable: IBM, Red Hat, Inc.)"
ThingsBoard,thingsboard/thingsboard,21145,6138,2026-02-17T13:25:28Z,Significant external contributors
Civo,civo/civo,0,1,2020-09-28T10:48:34Z,Mostly parent-company/core team
Red5,Red5/red5-server,3425,1012,2026-02-18T17:25:51Z,Mostly parent-company/core team
Portainer.io,portainer/portainer,36597,2775,2026-02-17T08:38:18Z,Significant external contributors; multi-company signals
Shipyard,shipyard/shipyard-cli,9,4,2025-10-16T13:22:47Z,Mostly parent-company/core team; multi-company signals
Sagetap,Sagetap/sagetap-backend-test,0,0,2023-06-01T18:51:51Z,Mostly parent-company/core team
Patchstack,patchstack/wpcli-patchstack,17,6,2022-03-20T14:54:04Z,Mostly parent-company/core team
Giant Swarm,giantswarm/happa,22,4,2026-02-11T15:44:20Z,Significant external contributors; multi-company signals
Middleware,middlewarehq/middleware,1544,159,2026-01-14T12:41:34Z,Significant external contributors; multi-company signals
Daytona,daytonaio/daytona,58392,5038,2026-02-18T11:21:17Z,Mixed (core + external)
Directus,directus/directus,34247,4569,2026-02-18T19:16:05Z,Mostly parent-company/core team
Gatling,gatling/gatling,6864,1213,2026-02-17T13:02:27Z,Mostly parent-company/core team; notable: DataDog)
OpenReplay,openreplay/openreplay,11741,686,2026-02-19T08:57:02Z,Significant external contributors; multi-company signals
Reflex (Pynecone),reflex-dev/reflex,28128,1690,2026-02-13T21:15:13Z,Significant external contributors; multi-company signals
Facets.Cloud,Facets-cloud/facets.cloud,3,0,2024-04-30T13:02:45Z,Mostly parent-company/core team
Countly,Countly/countly-server,5825,982,2026-02-17T13:23:28Z,Mixed (core + external)
SigNoz,SigNoz/signoz,25790,1967,2026-02-19T08:20:41Z,Significant external contributors
Mavvrik,Mavvrikk/mavvrikk.github.io,0,0,2024-09-13T13:50:47Z,Mostly parent-company/core team
Elba,elba/idris-elba-interface,2,0,2019-04-19T14:31:33Z,Mostly parent-company/core team
ComplianceCow,ComplianceCow/compliancecow-data-library,2,4,2022-11-08T06:19:45Z,Mostly parent-company/core team
Traefik Labs (Containous),traefik/traefik,61758,5834,2026-02-17T11:30:07Z,Significant external contributors; multi-company signals
Qovery,Qovery/engine,2429,81,2026-02-18T15:23:07Z,Significant external contributors
Acsense,N/A,N/A,N/A,N/A,No clear OSS repo identified
SST (Anomaly),sst/sst,25501,2023,2026-02-19T09:14:15Z,Mixed (core + external); multi-company signals
Xygeni,xygeni/xygeni,0,0,2026-02-13T13:05:33Z,Mostly parent-company/core team
Novu,novuhq/novu,38590,4216,2026-02-17T06:05:12Z,Significant external contributors; multi-company signals
Crafting,N/A,N/A,N/A,N/A,No clear OSS repo identified
Nullplatform,nullplatform/terraform-provider-nullplatform,2,3,2026-02-09T20:18:19Z,Mixed (core + external)
Trino (PrestoSQL),trinodb/trino,12569,3491,2026-02-19T05:43:29Z,Significant external contributors; multi-company signals
Semaphore,semaphoreio/semaphore,1462,74,2026-02-18T13:22:15Z,Significant external contributors; multi-company signals
dltHub,dlt-hub/dlt,4928,452,2026-02-18T16:51:20Z,Mixed (core + external)
Cycloid,cycloidio/cycloid-cli,17,1,2026-02-05T20:54:21Z,Mixed (core + external); multi-company signals
OpenObserve,openobserve/openobserve,17931,733,2026-02-19T08:34:33Z,Significant external contributors
Akto,akto-api-security/akto,1448,273,2026-02-19T09:21:04Z,Significant external contributors; multi-company signals
Tilores,tilotech/python-tilores-sdk,3,0,2024-11-21T12:43:58Z,Mostly parent-company/core team
Cavelo,Cavelo44000/Cavelo,0,0,2025-06-20T17:56:01Z,Mostly parent-company/core team
GoodAccess,N/A,N/A,N/A,N/A,No clear OSS repo identified
Flagsmith,Flagsmith/flagsmith,6219,467,2026-02-19T08:22:15Z,Significant external contributors
WunderGraph,wundergraph/wundergraph,,,,Repo lookup failed
Lleverage,lleverage-ai/lleverage-active-monitoring,0,0,2025-11-04T15:42:33Z,Mostly parent-company/core team
PlayerZero,N/A,N/A,N/A,N/A,No clear OSS repo identified
CodeAnt AI,CodeAnt-AI/CodeAnt-AI,6,3,2024-01-19T09:54:20Z,Mostly parent-company/core team
Baserock.ai,N/A,N/A,N/A,N/A,No clear OSS repo identified
Windmill,windmill-labs/windmill,15838,882,2026-02-19T09:37:11Z,Mostly parent-company/core team
StepSecurity,step-security/harden-runner,964,83,2026-02-07T01:26:07Z,Mostly parent-company/core team
simplyblock,simplyblock-io/simplyblock,,,,Repo lookup failed
Cloud Storage Security (cloudstoragesec),N/A,N/A,N/A,N/A,No clear OSS repo identified
Encore (Leap),encoredev/encore,11434,558,2026-02-18T09:23:09Z,Mixed (core + external); notable: Spotify)
APIContext,N/A,N/A,N/A,N/A,No clear OSS repo identified
Gruntwork,gruntwork-io/terragrunt,9310,1139,2026-02-18T19:38:53Z,Significant external contributors
Golioth,golioth/golioth,,,,Repo lookup failed
Ambar,N/A,N/A,N/A,N/A,No clear OSS repo identified
LangDB,langdb/jupyterlite-langdb,1,0,2024-09-19T07:07:24Z,Mostly parent-company/core team
Syntasso (Kratix),syntasso/kratix,724,49,2026-02-18T17:09:54Z,Significant external contributors
NativeLink (Trace Machina),TraceMachina/nativelink,1486,206,2026-02-16T20:25:46Z,Significant external contributors; multi-company signals
Webiny,webiny/webiny-js,7937,657,2026-02-19T07:22:37Z,Mixed (core + external); multi-company signals
Roadie,RoadieHQ/roadie-backstage-plugins,335,469,2026-02-12T08:51:06Z,Significant external contributors; multi-company signals
Factor House,factorhouse/factorhouse-local,51,6,2026-01-06T02:49:47Z,Mostly parent-company/core team
Arcjet,arcjet/arcjet-js,647,29,2026-02-17T00:32:14Z,Mostly parent-company/core team
Amplication,amplication/amplication,16002,1554,2025-10-11T08:16:54Z,Significant external contributors; multi-company signals
Hiop,N/A,N/A,N/A,N/A,No clear OSS repo identified
Superstream,gpahal/superstream,3,0,2024-07-18T17:59:58Z,Mostly parent-company/core team
Apidog (Anakin AI),apidog/apidog,,,,Repo lookup failed
FalkorDB,FalkorDB/FalkorDB,3431,267,2026-02-18T08:15:31Z,Significant external contributors
Polar Signals,polarsignals/parca,,,,Repo lookup failed
Antimetal,antimetal/terraform-aws-antimetal,3,0,2023-08-08T16:48:48Z,Mostly parent-company/core team; notable: Antimetal)
Guepard,Guepard-Corp/Guepard,5,0,2025-03-22T19:23:02Z,Mostly parent-company/core team
ControlMonkey,N/A,N/A,N/A,N/A,No clear OSS repo identified
Radium,N/A,N/A,N/A,N/A,No clear OSS repo identified
Lumeus,N/A,N/A,N/A,N/A,No clear OSS repo identified
Plural,pluralai/open-plural,0,0,2020-01-16T16:27:52Z,Mostly parent-company/core team
Early AI,N/A,N/A,N/A,N/A,No clear OSS repo identified
digger.dev,diggerhq/digger,4855,573,2026-02-07T16:15:17Z,Significant external contributors
Comp AI,trycompai/comp,1385,250,2026-02-19T04:39:55Z,Significant external contributors; multi-company signals
Conexus,N/A,N/A,N/A,N/A,No clear OSS repo identified
ConfigCat,configcat/common,,,,Repo lookup failed
Lunar.dev,TheLunarCompany/lunar,398,24,2026-02-18T14:22:43Z,Mostly parent-company/core team
Zuplo,zuplo/zuplo,38,6,2026-02-17T13:28:50Z,Mixed (core + external); multi-company signals
Overmind,N/A,N/A,N/A,N/A,No clear OSS repo identified
quiltt,N/A,N/A,N/A,N/A,No clear OSS repo identified
SuperTokens,supertokens/supertokens-core,14921,639,2026-02-13T16:19:36Z,Mixed (core + external); multi-company signals
Thoras AI,N/A,N/A,N/A,N/A,No clear OSS repo identified
OpsCanvas,N/A,N/A,N/A,N/A,No clear OSS repo identified
Serverpod,serverpod/serverpod,3095,332,2026-02-18T19:58:10Z,Mixed (core + external)
Pull Systems,N/A,N/A,N/A,N/A,No clear OSS repo identified
Qencode,N/A,N/A,N/A,N/A,No clear OSS repo identified
Aspect Build (Bazel),aspect-build/aspect-cli,148,39,2026-02-16T04:21:49Z,Mostly parent-company/core team
Juice Labs,Juice-Labs/Juice-Labs,631,62,2025-05-01T01:30:32Z,Mostly parent-company/core team
Cloudoor,CLOUDoort/CLOUDoort,0,0,2023-02-28T15:31:57Z,Mostly parent-company/core team
Callback Technologies,N/A,N/A,N/A,N/A,No clear OSS repo identified
Packmind (ProMyze),PackmindHub/packmind,197,7,2026-02-19T09:36:20Z,Mixed (core + external)
TestSprite,TestSprite/Docs,24,6,2026-02-19T08:08:42Z,Mostly parent-company/core team
Typesense,typesense/typesense,25240,859,2026-02-19T06:58:37Z,Mostly parent-company/core team; multi-company signals
Marker.io,N/A,N/A,N/A,N/A,No clear OSS repo identified
Expanso,N/A,N/A,N/A,N/A,No clear OSS repo identified
Requestly,requestly/requestly,6328,591,2026-02-19T04:51:27Z,Significant external contributors; multi-company signals
Wasp,wasp-lang/wasp,18139,1425,2026-02-19T09:12:39Z,Significant external contributors; multi-company signals
Codiac,N/A,N/A,N/A,N/A,No clear OSS repo identified
Cerbos,cerbos/cerbos,4223,171,2026-02-16T07:56:20Z,Significant external contributors
Bruin,bruin-data/bruin,1373,57,2026-02-17T16:41:35Z,Significant external contributors
GlassFlow,glassflow/clickhouse-etl,413,25,2026-02-18T16:00:54Z,Mixed (core + external)
Kill Bill,killbill/killbill,5339,897,2025-11-25T07:51:04Z,Mixed (core + external); multi-company signals
Opsima,N/A,N/A,N/A,N/A,No clear OSS repo identified
Excalidraw,excalidraw/excalidraw,117042,12574,2026-02-17T13:10:05Z,Significant external contributors; multi-company signals
plakar,plakar/kapsule,,,,Repo lookup failed
Metify,N/A,N/A,N/A,N/A,No clear OSS repo identified
Trapezoid,N/A,N/A,N/A,N/A,No clear OSS repo identified
Authentik Security,goauthentik/authentik,20191,1479,2026-02-18T21:40:40Z,Mixed (core + external)
Pipekit,pipekit/pipekit-go,0,0,2022-01-13T17:21:24Z,Mostly parent-company/core team
Marimo,marimo-team/marimo,19203,923,2026-02-19T04:17:43Z,Mixed (core + external); multi-company signals
StackBooster,stackbooster/xmetaform,0,0,2024-08-21T15:14:45Z,Unknown
Hoppscotch,hoppscotch/hoppscotch,77882,5586,2026-02-05T10:09:47Z,Mixed (core + external)
Unkey,unkeyed/unkey,5160,600,2026-02-19T06:42:17Z,Mostly parent-company/core team; multi-company signals
NetBird,netbirdio/netbird,22703,1110,2026-02-19T07:14:11Z,Significant external contributors; multi-company signals
Cloud 66,cloud66-oss/habitus,1391,82,2020-02-05T17:10:28Z,Mostly parent-company/core team; multi-company signals
MaestroDev,MaestroHQ/maestroapp,1,0,2016-11-02T04:19:46Z,Mostly parent-company/core team
TeleportHQ,teleporthq/teleport-code-generators,1108,185,2026-02-13T13:16:57Z,Mixed (core + external); multi-company signals
Citeel,N/A,N/A,N/A,N/A,No clear OSS repo identified
Continue,continuedev/continue,31444,4169,2026-02-18T22:20:46Z,Mixed (core + external); multi-company signals
Casdoor (Casbin),casdoor/casdoor,13023,1567,2026-02-18T18:13:29Z,Mostly parent-company/core team
Taubyte,taubyte/tau,4972,184,2026-02-15T07:23:30Z,Mostly parent-company/core team
GO Feature Flag // Kuber //,thomaspoignant/go-feature-flag,1939,200,2026-02-17T01:08:23Z,Mostly parent-company/core team
KushoAI,kusho-co/kusho-test-runner,0,0,2024-11-19T06:27:38Z,Mostly parent-company/core team
Sylabs (pivot to QLAD),sylabs/singularity,933,112,2026-02-13T12:50:39Z,Significant external contributors; multi-company signals
Kedify (KEDA),kedacore/keda,9918,1319,2026-02-18T13:02:49Z,Significant external contributors; notable: Microsoft)
AxisNow,N/A,N/A,N/A,N/A,No clear OSS repo identified
LatenceTech,N/A,N/A,N/A,N/A,No clear OSS repo identified
Kortix,N/A,N/A,N/A,N/A,No clear OSS repo identified
Zyntra,N/A,N/A,N/A,N/A,No clear OSS repo identified
